{"name":"3f8d385f-8fb3-4b11-b5b3-4c6f07d4ea20","id":"/providers/Microsoft.Flow/flows/3f8d385f-8fb3-4b11-b5b3-4c6f07d4ea20","type":"Microsoft.Flow/flows","properties":{"apiId":"/providers/Microsoft.PowerApps/apis/shared_logicflows","displayName":"Execute usp_Settings_Insert_PROD","definition":{"metadata":{"workflowEntityId":null,"processAdvisorMetadata":null,"flowclientsuspensionreason":"None","flowclientsuspensiontime":null,"creator":{"id":"9da4f869-bfe8-4441-b3ac-dbc873ffef1b","type":"User","tenantId":"b41b72d0-4e9f-4c26-8a69-f949f367c91d"},"provisioningMethod":"FromDefinition","failureAlertSubscription":true,"clientLastModifiedTime":"2021-11-20T17:45:06.6288676Z"},"$schema":"https://schema.management.azure.com/providers/Microsoft.Logic/schemas/2016-06-01/workflowdefinition.json#","contentVersion":"1.0.0.0","parameters":{"$connections":{"defaultValue":{},"type":"Object"},"$authentication":{"defaultValue":{},"type":"SecureObject"}},"triggers":{"manual":{"metadata":{"operationMetadataId":"e16d3516-0f9f-4b8c-bbf1-dfb2bc9ea4a0"},"type":"Request","kind":"PowerApp","inputs":{"schema":{"type":"object","properties":{"Executestoredprocedure(V2)_json":{"type":"string","x-ms-powerflows-param-ispartial":false}},"required":["Executestoredprocedure(V2)_json"]}}}},"actions":{"Execute_stored_procedure_(V2)":{"runAfter":{},"metadata":{"operationMetadataId":"11ae62ea-5b23-4942-ad41-b39b612dafac"},"type":"OpenApiConnection","inputs":{"host":{"apiId":"/providers/Microsoft.PowerApps/apis/shared_sql","connectionName":"shared_sql","operationId":"ExecuteProcedure_V2"},"parameters":{"server":"default","database":"default","procedure":"[dbo].[usp_Settings_Insert]","parameters/json":"@triggerBody()['Executestoredprocedure(V2)_json']"},"authentication":{"value":"@json(decodeBase64(triggerOutputs().headers['X-MS-APIM-Tokens']))['$ConnectionKey']","type":"Raw"}}},"Condition":{"actions":{"Respond_to_a_PowerApp_or_flow":{"runAfter":{},"metadata":{"operationMetadataId":"342c063a-720e-477c-85a4-57ee26e14cca"},"type":"Response","kind":"PowerApp","inputs":{"statusCode":200,"body":{"issuccess":"true","outputmessage":"@{body('Execute_stored_procedure_(V2)')}"},"schema":{"type":"object","properties":{"issuccess":{"title":"isSuccess","x-ms-dynamically-added":true,"type":"boolean"},"outputmessage":{"title":"outputMessage","x-ms-dynamically-added":true,"type":"string"}}}}}},"runAfter":{"Execute_stored_procedure_(V2)":["Succeeded"]},"else":{"actions":{"Respond_to_a_PowerApp_or_flow_2":{"runAfter":{},"metadata":{"operationMetadataId":"acaccaff-d41c-4df9-91af-36eb78606e13"},"type":"Response","kind":"PowerApp","inputs":{"statusCode":200,"body":{"issuccess":"false","outputmessage":"@{body('Execute_stored_procedure_(V2)')}"},"schema":{"type":"object","properties":{"issuccess":{"title":"isSuccess","x-ms-dynamically-added":true,"type":"boolean"},"outputmessage":{"title":"outputMessage","x-ms-dynamically-added":true,"type":"string"}}}}}}},"expression":{"equals":["@outputs('Execute_stored_procedure_(V2)')?['body/returncode']",0]},"metadata":{"operationMetadataId":"0b8c8f11-154a-4aa6-9d02-e125b318f812"},"type":"If"}},"outputs":{},"description":"Create one or more actions to happen when a button or link in Power Apps is selected. To use this flow from a Power App, select the control you want to trigger the flow and go to the Action tab in the Power Apps ribbon and select Flows."},"connectionReferences":{"shared_sql":{"connectionName":"1db2f6b3fe784eec860da64992a9fbf2","source":"Invoker","id":"/providers/Microsoft.PowerApps/apis/shared_sql","tier":"NotSpecified"}},"flowFailureAlertSubscribed":false}}