{"schemaVersion":"1.0","appDefinitionTemplate":{"id":"/providers/Microsoft.PowerApps/apps/","type":"Microsoft.PowerApps/apps","tags":{"primaryDeviceWidth":"1366","primaryDeviceHeight":"768","sienaVersion":"20211108T173210Z-3.21103.27.0","deviceCapabilities":"","supportsPortrait":"true","supportsLandscape":"true","primaryFormFactor":"Tablet","publisherVersion":"3.21103.27","minimumRequiredApiVersion":"2.2.0","hasComponent":"false","hasUnlockedComponent":"false","isUnifiedRootApp":"false"},"properties":{"appVersion":"2021-11-08T17:32:10Z","lifeCycleId":"Published","createdByClientVersion":{"major":3,"minor":21103,"build":27,"revision":0,"majorRevision":0,"minorRevision":0},"minClientVersion":{"major":3,"minor":21103,"build":27,"revision":0,"majorRevision":0,"minorRevision":0},"backgroundColor":"RGBA(0,176,240,1)","backgroundImageUri":"/3310964249313049374/N30e55f42-9990-4a76-8c34-11176d92eff8-logoSmallFile","displayName":"TaskChecker_DEV","description":"","commitMessage":"","appUris":{"documentUri":{"value":"/3310964249313049374/Na5ab55f0-f799-4fae-a448-fc35c7a9547e-document.msapp"},"imageUris":[]},"createdTime":"0001-01-01T00:00:00Z","lastModifiedTime":"0001-01-01T00:00:00Z","sharedGroupsCount":0,"sharedUsersCount":0,"icons":{"smallIconUri":"/3310964249313049374/Nec7aff03-e34c-41fe-ae85-4e7a1e29b37a-small.png","mediumIconUri":"/3310964249313049374/Nc4488350-6905-44ac-9df2-3c7d40737ac4-medium.png","largeIconUri":"/3310964249313049374/N572fb970-d62e-4253-9f44-e2683a5d768a-large.png","wideIconUri":"/3310964249313049374/N48d24876-0d46-4da7-aac0-88aa3b02633e-wide.png"},"connectionReferences":{"ec9f284b-246e-4843-b0a2-bdef027b5f59":{"id":"bab0c05c-a296-456b-8a28-86f57fe44c6c","displayName":"Logic flows","iconUri":"https://connectoricons-prod.azureedge.net/releases/v1.0.1534/1.0.1534.2605/logicflows/icon.png","dataSources":["RunTasksCheckerAF_DEV"],"dependencies":[],"dependents":[],"parameterHints":{"workflowName":{"value":"0c9131e7-6cf1-4eca-ab62-9294fb7bdacf"},"workflowEntityId":{}},"parameterHintsV2":{"workflowName":{"value":"0c9131e7-6cf1-4eca-ab62-9294fb7bdacf"},"workflowEntityId":{}},"isOnPremiseConnection":false,"bypassConsent":false,"dataSets":{},"apiTier":"Standard","isCustomApiConnection":false,"actions":["Run"]},"38d85dce-51b8-4bc0-b9e0-11df95d18ce5":{"id":"a2871072-ba3e-4646-a415-a2abaa109892","displayName":"SQL Server","iconUri":"https://connectoricons-prod.azureedge.net/releases/v1.0.1534/1.0.1534.2605/sql/icon.png","dataSources":["vw_CheckScript","vw_SubTask"],"dependencies":[],"dependents":[],"parameterHints":{},"parameterHintsV2":{},"isOnPremiseConnection":false,"sharedConnectionId":"2d5ffffd-acdd-4d5c-9d42-47b4f8891eff","bypassConsent":false,"dataSets":{"scoresmanager.database.windows.net,ScoresManager_DEV":{"dataSources":{"vw_CheckScript":{"tableName":"[dbo].[vw_CheckScript]"},"vw_SubTask":{"tableName":"[dbo].[vw_SubTask]"}}}},"apiTier":"Premium","isCustomApiConnection":false,"authenticationType":"sqlAuthentication","actions":["providers/PowerPlatform.Governance/Operations/Read"],"endpoints":["scoresmanager.database.windows.net,ScoresManager_DEV"]}},"databaseReferences":{},"almMode":"Environment","performanceOptimizationEnabled":true,"canConsumeAppPass":true,"executionRestrictions":{"isTeamsOnly":false,"dataLossPreventionEvaluationResult":{"status":"Compliant","lastEvaluationDate":"2021-11-02T04:46:55.1545588Z","violations":[],"violationsByPolicy":[],"violationErrorMessage":"The app uses the following connectors: shared_sql."}}},"appType":"ClassicCanvasApp","appComponents":[]}}