{"name":"ead158f4-1f42-4f8b-8625-9afaf4edd7e6","id":"/providers/Microsoft.Flow/flows/ead158f4-1f42-4f8b-8625-9afaf4edd7e6","type":"Microsoft.Flow/flows","properties":{"apiId":"/providers/Microsoft.PowerApps/apis/shared_logicflows","displayName":"Execute usp_SubTask_Insert","definition":{"metadata":{"workflowEntityId":null,"processAdvisorMetadata":null,"flowclientsuspensionreason":"None","flowclientsuspensiontime":null,"creator":{"id":"9da4f869-bfe8-4441-b3ac-dbc873ffef1b","type":"User","tenantId":"b41b72d0-4e9f-4c26-8a69-f949f367c91d"},"provisioningMethod":"FromDefinition","failureAlertSubscription":true,"clientLastModifiedTime":"2021-11-20T17:46:59.1397848Z"},"$schema":"https://schema.management.azure.com/providers/Microsoft.Logic/schemas/2016-06-01/workflowdefinition.json#","contentVersion":"1.0.0.0","parameters":{"$connections":{"defaultValue":{},"type":"Object"},"$authentication":{"defaultValue":{},"type":"SecureObject"}},"triggers":{"manual":{"metadata":{"operationMetadataId":"899cf269-2e0c-44c2-a5f6-b6e0fc80548c"},"type":"Request","kind":"PowerApp","inputs":{"schema":{"type":"object","properties":{"Executestoredprocedure(V2)_json":{"type":"string","x-ms-powerflows-param-ispartial":false}},"required":["Executestoredprocedure(V2)_json"]}}}},"actions":{"Execute_stored_procedure_(V2)":{"runAfter":{},"metadata":{"operationMetadataId":"cc5db8c5-770c-4155-953b-9c19339e3b45"},"type":"OpenApiConnection","inputs":{"host":{"apiId":"/providers/Microsoft.PowerApps/apis/shared_sql","connectionName":"shared_sql","operationId":"ExecuteProcedure_V2"},"parameters":{"server":"default","database":"default","procedure":"[dbo].[usp_SubTask_Insert]","parameters/json":"@triggerBody()['Executestoredprocedure(V2)_json']"},"authentication":{"value":"@json(decodeBase64(triggerOutputs().headers['X-MS-APIM-Tokens']))['$ConnectionKey']","type":"Raw"}}},"Condition":{"actions":{"Respond_to_a_PowerApp_or_flow":{"runAfter":{},"metadata":{"operationMetadataId":"0cccceb0-09f2-424a-9eea-575ada7516d1"},"type":"Response","kind":"PowerApp","inputs":{"statusCode":200,"body":{"issuccess":true,"outputmessage":"@{body('Execute_stored_procedure_(V2)')}"},"schema":{"type":"object","properties":{"issuccess":{"title":"isSuccess","x-ms-dynamically-added":true,"type":"boolean"},"outputmessage":{"title":"outputMessage","x-ms-dynamically-added":true,"type":"string"}}}}}},"runAfter":{"Execute_stored_procedure_(V2)":["Succeeded"]},"else":{"actions":{"Respond_to_a_PowerApp_or_flow_2":{"runAfter":{},"metadata":{"operationMetadataId":"79895d05-a023-4d97-af70-f773f8dfcac4"},"type":"Response","kind":"PowerApp","inputs":{"statusCode":200,"body":{"issuccess":false,"outputmessage":"@{body('Execute_stored_procedure_(V2)')}"},"schema":{"type":"object","properties":{"issuccess":{"title":"isSuccess","x-ms-dynamically-added":true,"type":"boolean"},"outputmessage":{"title":"outputMessage","x-ms-dynamically-added":true,"type":"string"}}}}}}},"expression":{"equals":["@outputs('Execute_stored_procedure_(V2)')?['body/returncode']",0]},"metadata":{"operationMetadataId":"ab61e36e-b3b9-4913-ad8c-703cf6e571f5"},"type":"If"}},"outputs":{},"description":"Create one or more actions to happen when a button or link in Power Apps is selected. To use this flow from a Power App, select the control you want to trigger the flow and go to the Action tab in the Power Apps ribbon and select Flows."},"connectionReferences":{"shared_sql":{"connectionName":"1db2f6b3fe784eec860da64992a9fbf2","source":"Invoker","id":"/providers/Microsoft.PowerApps/apis/shared_sql","tier":"NotSpecified"}},"flowFailureAlertSubscribed":false}}