{"name":"8ee98f61-f710-436f-8f7e-df177a2241a0","id":"/providers/Microsoft.Flow/flows/8ee98f61-f710-436f-8f7e-df177a2241a0","type":"Microsoft.Flow/flows","properties":{"apiId":"/providers/Microsoft.PowerApps/apis/shared_logicflows","displayName":"Run TasksCheckerAF_DEV","definition":{"metadata":{"workflowEntityId":null,"processAdvisorMetadata":null,"flowclientsuspensionreason":"None","flowclientsuspensiontime":null,"creator":{"id":"9da4f869-bfe8-4441-b3ac-dbc873ffef1b","type":"User","tenantId":"b41b72d0-4e9f-4c26-8a69-f949f367c91d"},"provisioningMethod":"FromDefinition","failureAlertSubscription":true,"clientLastModifiedTime":"2021-11-12T10:47:16.5463811Z"},"$schema":"https://schema.management.azure.com/providers/Microsoft.Logic/schemas/2016-06-01/workflowdefinition.json#","contentVersion":"1.0.0.0","parameters":{"$authentication":{"defaultValue":{},"type":"SecureObject"}},"triggers":{"manual":{"metadata":{"operationMetadataId":"348f43f8-04c1-4b9c-a2ac-de22326ad544"},"type":"Request","kind":"PowerApp","inputs":{"schema":{"type":"object","properties":{"subtaskid_Value":{"type":"integer","description":"Enter initial value","x-ms-powerflows-param-ispartial":false},"queryuser_Value":{"type":"string","description":"Enter initial value","x-ms-powerflows-param-ispartial":false}},"required":["subtaskid_Value","queryuser_Value"]}}}},"actions":{"HTTP":{"runAfter":{"query_user":["Succeeded"]},"metadata":{"operationMetadataId":"9b30ed17-f784-412f-aa3b-2ac2adf03919"},"type":"Http","inputs":{"method":"POST","uri":"https://taskscheckeraf.azurewebsites.net/api/TasksCheckerHttpTrigger?","queries":{"subtask_id":"@{variables('subtask_id')}","query_user":"@variables('query_user')"},"authentication":{"type":"ActiveDirectoryOAuth","authority":"https://login.microsoftonline.com","tenant":"EPAM.onmicrosoft.com","audience":"ae682874-3163-41a1-9d07-070de2f2d8b2","clientId":"ae682874-3163-41a1-9d07-070de2f2d8b2","secret":"6Wn7Q~Fju~SqJU3IzEcPeNa0wghd-ecNlAwAl"}}},"subtask_id":{"runAfter":{},"metadata":{"operationMetadataId":"a5250e18-bc48-468a-8ea2-8c469665d92d"},"type":"InitializeVariable","inputs":{"variables":[{"name":"subtask_id","type":"integer","value":"@triggerBody()['subtaskid_Value']"}]}},"query_user":{"runAfter":{"subtask_id":["Succeeded"]},"metadata":{"operationMetadataId":"846774a1-5bb0-4f0d-add6-41e6d9668d10"},"type":"InitializeVariable","inputs":{"variables":[{"name":"query_user","type":"string","value":"@{triggerBody()['queryuser_Value']}"}]}},"Respond_to_a_PowerApp_or_flow":{"runAfter":{"Initialize_variable":["Succeeded"]},"metadata":{"operationMetadataId":"1cf4f4e8-88b0-4080-a725-bb20ed01a26d"},"type":"Response","kind":"PowerApp","inputs":{"statusCode":200,"body":{"check_result":"@variables('http_body')"},"schema":{"type":"object","properties":{"check_result":{"title":"check_result","x-ms-dynamically-added":true,"type":"string"}}}}},"Initialize_variable":{"runAfter":{"HTTP":["Succeeded"]},"metadata":{"operationMetadataId":"9124e5a5-ca1c-4fab-8c75-af3f7bba53d8"},"type":"InitializeVariable","inputs":{"variables":[{"name":"http_body","type":"string","value":"@{body('HTTP')}"}]}}},"outputs":{}},"connectionReferences":{},"flowFailureAlertSubscribed":false}}