{"name":"ef8312a0-0710-4e9d-aab0-36a31b4ff315","id":"/providers/Microsoft.Flow/flows/ef8312a0-0710-4e9d-aab0-36a31b4ff315","type":"Microsoft.Flow/flows","properties":{"apiId":"/providers/Microsoft.PowerApps/apis/shared_logicflows","displayName":"Execute usp_SubTask_Insert","definition":{"metadata":{"workflowEntityId":null,"flowclientsuspensionreason":"None","flowclientsuspensiontime":null,"creator":{"id":"9da4f869-bfe8-4441-b3ac-dbc873ffef1b","type":"User","tenantId":"b41b72d0-4e9f-4c26-8a69-f949f367c91d"},"provisioningMethod":"FromDefinition","failureAlertSubscription":true,"clientLastModifiedTime":"2021-02-18T11:32:29.1202805Z"},"$schema":"https://schema.management.azure.com/providers/Microsoft.Logic/schemas/2016-06-01/workflowdefinition.json#","contentVersion":"1.0.0.0","parameters":{"$connections":{"defaultValue":{},"type":"Object"},"$authentication":{"defaultValue":{},"type":"SecureObject"}},"triggers":{"manual":{"type":"Request","kind":"PowerApp","inputs":{"schema":{"type":"object","properties":{"Executestoredprocedure2_iDelayId":{"type":"integer"},"Executestoredprocedure(V2)_json":{"type":"string","x-ms-powerflows-param-ispartial":false}},"required":["Executestoredprocedure2_iDelayId","Executestoredprocedure(V2)_json"]}}}},"actions":{"Execute_stored_procedure_(V2)":{"runAfter":{},"type":"OpenApiConnection","inputs":{"host":{"apiId":"/providers/Microsoft.PowerApps/apis/shared_sql","connectionName":"shared_sql","operationId":"ExecuteProcedure_V2"},"parameters":{"server":"default","database":"default","procedure":"[dbo].[usp_SubTask_Insert]","parameters/json":"@triggerBody()['Executestoredprocedure(V2)_json']"},"authentication":{"value":"@json(decodeBase64(triggerOutputs().headers['X-MS-APIM-Tokens']))['$ConnectionKey']","type":"Raw"}},"operationOptions":"DisableAsyncPattern"},"Condition":{"actions":{"Respond_to_a_PowerApp_or_flow":{"runAfter":{},"type":"Response","kind":"PowerApp","inputs":{"statusCode":200,"body":{"issuccess":true,"outputmessage":"@{outputs('Execute_stored_procedure_(V2)')?['body']}"},"schema":{"type":"object","properties":{"issuccess":{"title":"isSuccess","x-ms-dynamically-added":true,"type":"boolean"},"outputmessage":{"title":"outputMessage","x-ms-dynamically-added":true,"type":"string"}}}}}},"runAfter":{"Execute_stored_procedure_(V2)":["Succeeded","Failed","TimedOut"]},"else":{"actions":{"Respond_to_a_PowerApp_or_flow_2":{"runAfter":{},"type":"Response","kind":"PowerApp","inputs":{"statusCode":200,"body":{"issuccess":false,"outputmessage":"@{outputs('Execute_stored_procedure_(V2)')?['body']}"},"schema":{"type":"object","properties":{"issuccess":{"title":"isSuccess","x-ms-dynamically-added":true,"type":"boolean"},"outputmessage":{"title":"outputMessage","x-ms-dynamically-added":true,"type":"string"}}}}}}},"expression":{"equals":["@outputs('Execute_stored_procedure_(V2)')?['body/returncode']",0]},"type":"If"}},"outputs":{},"description":"On click of PowerApps button, execute SQL stored procedure and post message on Microsoft Teams."},"connectionReferences":{"shared_sql":{"connectionName":"a92a2bb0190d4e408b20b7d644c081b4","source":"Invoker","id":"/providers/Microsoft.PowerApps/apis/shared_sql","tier":"NotSpecified"}},"flowFailureAlertSubscribed":false}}