{"schemaVersion":"1.0","appDefinitionTemplate":{"id":"/providers/Microsoft.PowerApps/apps/","type":"Microsoft.PowerApps/apps","tags":{"primaryDeviceWidth":"640","primaryDeviceHeight":"1136","sienaVersion":"20211120T174611Z-3.21112.18.0","deviceCapabilities":"","supportsPortrait":"true","supportsLandscape":"false","primaryFormFactor":"Phone","publisherVersion":"3.21112.22","minimumRequiredApiVersion":"2.2.0","hasComponent":"true","hasUnlockedComponent":"true","isUnifiedRootApp":"false"},"properties":{"appVersion":"2021-11-20T17:46:11Z","lifeCycleId":"Published","createdByClientVersion":{"major":3,"minor":21112,"build":22,"revision":0,"majorRevision":0,"minorRevision":0},"minClientVersion":{"major":3,"minor":21112,"build":22,"revision":0,"majorRevision":0,"minorRevision":0},"backgroundColor":"rgba(0, 134, 208, 1)","backgroundImageUri":"/14060613653142641878/Ne4516153-40fe-42ca-8d95-7702218f955b-logoSmallFile","displayName":"ScoresManagerApp","description":"App for managing tasks for students on BI Course Saratov","commitMessage":"","appUris":{"documentUri":{"value":"/14060613653142641878/Nef358678-fed5-4c2b-a3c1-b3934590d4b1-document.msapp"},"imageUris":[]},"createdTime":"0001-01-01T00:00:00Z","lastModifiedTime":"0001-01-01T00:00:00Z","sharedGroupsCount":0,"sharedUsersCount":0,"icons":{"smallIconUri":"/14060613653142641878/N5f0f67fa-eafe-4475-9b82-107983e7ea03-small.png","mediumIconUri":"/14060613653142641878/N38af3a65-a739-4b87-8111-a0c6840508ab-medium.png","largeIconUri":"/14060613653142641878/N5d28938b-8efd-47e2-a094-cc7c8873632d-large.png","wideIconUri":"/14060613653142641878/N408d3737-041a-4c0a-91d2-a5ce6adac44d-wide.png"},"connectionReferences":{"3d4fb0b9-e56a-4ae6-8be9-b512f722ca44":{"id":"57e233a0-fe79-4ac0-924a-f788c6109a37","displayName":"SQL Server","iconUri":"https://connectoricons-prod.azureedge.net/laborbol/patches/1520/sql-mi/1.0.1520.2572/sql/icon.png","dataSources":["Course","CourseStaff","SubTaskLog","Task","Topic","User","vw_SubTaskBonus_Pivoted","vw_SubTaskLog","vw_User","vw_UserType","vw_SubTask","vw_Task","vw_TaskTopic","vw_SubTaskTopic","vw_Topic","vw_Course","SubTask_1","SubTaskBonus","vw_SubTaskBonus","vw_CourseStaff_1","vw_Settings_1","Settings_1","vw_Status_1"],"dependencies":[],"dependents":["33b16247-120e-4150-8b2f-1a5bd7fe84fc","8dd55eb3-f542-4b75-8b1a-bda47ec277d4"],"parameterHints":{},"parameterHintsV2":{},"isOnPremiseConnection":false,"sharedConnectionId":"80fb03d6-0ea7-4fcd-ba56-fbce8ec87b42","bypassConsent":false,"dataSets":{"scoresmanager.database.windows.net,ScoresManager":{"dataSources":{"Course":{"tableName":"[dbo].[Course]"},"CourseStaff":{"tableName":"[dbo].[CourseStaff]"},"SubTaskLog":{"tableName":"[dbo].[SubTaskLog]"},"Task":{"tableName":"[dbo].[Task]"},"Topic":{"tableName":"[dbo].[Topic]"},"User":{"tableName":"[dbo].[User]"},"vw_SubTaskBonus_Pivoted":{"tableName":"[dbo].[vw_SubTaskBonus_Pivoted]"},"vw_SubTaskLog":{"tableName":"[dbo].[vw_SubTaskLog]"},"vw_User":{"tableName":"[dbo].[vw_User]"},"vw_UserType":{"tableName":"[dbo].[vw_UserType]"},"vw_SubTask":{"tableName":"[dbo].[vw_SubTask]"},"vw_Task":{"tableName":"[dbo].[vw_Task]"},"vw_TaskTopic":{"tableName":"[dbo].[vw_TaskTopic]"},"vw_SubTaskTopic":{"tableName":"[dbo].[vw_SubTaskTopic]"},"vw_Topic":{"tableName":"[dbo].[vw_Topic]"},"vw_Course":{"tableName":"[dbo].[vw_Course]"},"SubTask_1":{"tableName":"[dbo].[SubTask]"},"SubTaskBonus":{"tableName":"[dbo].[SubTaskBonus]"},"vw_SubTaskBonus":{"tableName":"[dbo].[vw_SubTaskBonus]"},"vw_CourseStaff_1":{"tableName":"[dbo].[vw_CourseStaff]"},"vw_Settings_1":{"tableName":"[dbo].[vw_Settings]"},"Settings_1":{"tableName":"[dbo].[Settings]"},"vw_Status_1":{"tableName":"[dbo].[vw_Status]"}}}},"apiTier":"Premium","isCustomApiConnection":false,"authenticationType":"sqlAuthentication","actions":["providers/PowerPlatform.Governance/Operations/Read"],"endpoints":["scoresmanager.database.windows.net,ScoresManager"]},"3e8388a8-05a7-421c-bb21-e9ce11ac8f03":{"id":"cf6ca05f-9bf5-4a93-91cc-b76bf20b8182","displayName":"Logic flows","iconUri":"https://connectoricons-prod.azureedge.net/releases/v1.0.1534/1.0.1534.2605/logicflows/icon.png","dataSources":["Executeusp_SubTask_Insert_DEV"],"dependencies":["13a6d04a-8af8-4672-ba50-f9fe02b05dc9"],"dependents":[],"parameterHints":{"workflowName":{"value":"67997a13-6ab5-4504-a4ba-32360da48e0b"},"workflowEntityId":{},"13a6d04a-8af8-4672-ba50-f9fe02b05dc9":{"value":"shared_sql"}},"parameterHintsV2":{"workflowName":{"value":"67997a13-6ab5-4504-a4ba-32360da48e0b"},"workflowEntityId":{},"shared_sql":{"value":"13a6d04a-8af8-4672-ba50-f9fe02b05dc9"}},"isOnPremiseConnection":false,"bypassConsent":false,"dataSets":{},"apiTier":"Standard","isCustomApiConnection":false},"13a6d04a-8af8-4672-ba50-f9fe02b05dc9":{"id":"57e233a0-fe79-4ac0-924a-f788c6109a37","displayName":"SQL Server","iconUri":"https://connectoricons-prod.azureedge.net/laborbol/patches/1520/sql-mi/1.0.1520.2572/sql/icon.png","dataSources":[],"dependencies":[],"dependents":["3e8388a8-05a7-421c-bb21-e9ce11ac8f03"],"parameterHints":{},"parameterHintsV2":{},"isOnPremiseConnection":false,"sharedConnectionId":"748bfa05-f449-4640-bcc0-fca61813ba53","bypassConsent":false,"dataSets":{},"apiTier":"Premium","isCustomApiConnection":false,"actions":["providers/PowerPlatform.Governance/Operations/Read"],"endpoints":["scoresmanager.database.windows.net,ScoresManager_DEV"]},"33b16247-120e-4150-8b2f-1a5bd7fe84fc":{"id":"cf6ca05f-9bf5-4a93-91cc-b76bf20b8182","displayName":"Logic flows","iconUri":"https://connectoricons-prod.azureedge.net/releases/v1.0.1534/1.0.1534.2605/logicflows/icon.png","dataSources":["Executeusp_SubTask_Insert"],"dependencies":["3d4fb0b9-e56a-4ae6-8be9-b512f722ca44"],"dependents":[],"parameterHints":{"workflowName":{"value":"1e8f9eca-f757-4c09-9dcd-e97ad985e6c5"},"workflowEntityId":{},"3d4fb0b9-e56a-4ae6-8be9-b512f722ca44":{"value":"shared_sql"}},"parameterHintsV2":{"workflowName":{"value":"1e8f9eca-f757-4c09-9dcd-e97ad985e6c5"},"workflowEntityId":{},"shared_sql":{"value":"3d4fb0b9-e56a-4ae6-8be9-b512f722ca44"}},"isOnPremiseConnection":false,"bypassConsent":false,"dataSets":{},"apiTier":"Standard","isCustomApiConnection":false,"actions":["Run"]},"8dd55eb3-f542-4b75-8b1a-bda47ec277d4":{"id":"cf6ca05f-9bf5-4a93-91cc-b76bf20b8182","displayName":"Logic flows","iconUri":"https://connectoricons-prod.azureedge.net/releases/v1.0.1534/1.0.1534.2605/logicflows/icon.png","dataSources":["Executeusp_Settings_Insert_PROD"],"dependencies":["3d4fb0b9-e56a-4ae6-8be9-b512f722ca44"],"dependents":[],"parameterHints":{"workflowName":{"value":"766f0de8-3a4d-4147-bb6a-3dba87a19996"},"workflowEntityId":{},"3d4fb0b9-e56a-4ae6-8be9-b512f722ca44":{"value":"shared_sql"}},"parameterHintsV2":{"workflowName":{"value":"766f0de8-3a4d-4147-bb6a-3dba87a19996"},"workflowEntityId":{},"shared_sql":{"value":"3d4fb0b9-e56a-4ae6-8be9-b512f722ca44"}},"isOnPremiseConnection":false,"bypassConsent":false,"dataSets":{},"apiTier":"Standard","isCustomApiConnection":false,"actions":["Run"]}},"databaseReferences":{},"almMode":"Environment","performanceOptimizationEnabled":true,"canConsumeAppPass":true,"executionRestrictions":{"isTeamsOnly":false,"dataLossPreventionEvaluationResult":{"status":"Compliant","lastEvaluationDate":"2021-11-18T18:18:57.7632175Z","violations":[],"violationsByPolicy":[],"violationErrorMessage":"The app uses the following connectors: shared_logicflows, shared_sql."}}},"appType":"ClassicCanvasApp","appComponents":[]}}