{"schemaVersion":"1.0","appDefinitionTemplate":{"id":"/providers/Microsoft.PowerApps/apps/","type":"Microsoft.PowerApps/apps","tags":{"primaryDeviceWidth":"640","primaryDeviceHeight":"1136","sienaVersion":"20210504T130909Z-3.21043.23.0","deviceCapabilities":"","supportsPortrait":"true","supportsLandscape":"false","primaryFormFactor":"Phone","publisherVersion":"3.21043.23","minimumRequiredApiVersion":"2.2.0","hasComponent":"true","hasUnlockedComponent":"true","isUnifiedRootApp":"false"},"properties":{"appVersion":"2021-05-04T13:09:09Z","lifeCycleId":"Published","createdByClientVersion":{"major":3,"minor":21043,"build":23,"revision":0,"majorRevision":0,"minorRevision":0},"minClientVersion":{"major":3,"minor":21043,"build":23,"revision":0,"majorRevision":0,"minorRevision":0},"backgroundColor":"rgba(0, 134, 208, 1)","backgroundImageUri":"/5576743983709223542/N0566c1a5-790e-45a7-9e71-8bd56a26615e-logoSmallFile","displayName":"ScoresManagerApp","description":"App for managing tasks for students on BI Course Saratov","commitMessage":"","appUris":{"documentUri":{"value":"/5576743983709223542/N68863a72-03e5-4c8f-9e01-ddd87e752045-document.msapp"},"imageUris":[]},"createdTime":"0001-01-01T00:00:00Z","lastModifiedTime":"0001-01-01T00:00:00Z","sharedGroupsCount":0,"sharedUsersCount":0,"icons":{"smallIconUri":"/5576743983709223542/N3fdf4b09-f3d6-4f8b-be12-7402784e856a-small.png","mediumIconUri":"/5576743983709223542/N9d052fc7-fabd-492e-af67-116c06146876-medium.png","largeIconUri":"/5576743983709223542/Ne7c8f92d-f9f4-49a0-963c-96d933f8ebb3-large.png","wideIconUri":"/5576743983709223542/N825126c8-ac94-4298-8c68-a8f27bc1454f-wide.png"},"connectionReferences":{"a892d096-6b41-4215-b73f-abe0017c64b4":{"id":"bab0c05c-a296-456b-8a28-86f57fe44c6c","displayName":"Logic flows","iconUri":"https://connectoricons-prod.azureedge.net/releases/v1.0.1438/1.0.1438.2324/logicflows/icon.png","dataSources":["Executeusp_SubTask_Insert"],"dependencies":["4e475512-dd66-4403-97db-022d5881afbd"],"dependents":[],"parameterHints":{"workflowName":{"value":"f1f8f35d-a156-4b8c-9844-416fbdfb25a1"},"4e475512-dd66-4403-97db-022d5881afbd":{"value":"shared_sql"}},"isOnPremiseConnection":false,"bypassConsent":false,"dataSets":{},"apiTier":"Standard","isCustomApiConnection":false,"actions":["Run"]},"4e475512-dd66-4403-97db-022d5881afbd":{"id":"a2871072-ba3e-4646-a415-a2abaa109892","displayName":"SQL Server","iconUri":"https://connectoricons-prod.azureedge.net/releases/v1.0.1465/1.0.1465.2409/sql/icon.png","dataSources":["[dbo].[Course]","[dbo].[CourseStaff]","[dbo].[SubTaskLog]","[dbo].[Task]","[dbo].[Topic]","[dbo].[User]","[dbo].[vw_SubTaskBonus_Pivoted]","[dbo].[vw_SubTaskLog]","[dbo].[vw_UserType]","[dbo].[vw_User]","[dbo].[vw_SubTask]","[dbo].[vw_Task]","[dbo].[vw_TaskTopic]","[dbo].[vw_SubTaskTopic]","[dbo].[vw_Course]","[dbo].[vw_Topic]","[dbo].[SubTask]","[dbo].[SubTaskBonus]","[dbo].[vw_SubTaskBonus]","[dbo].[vw_CourseStaff]"],"dependencies":[],"dependents":["a892d096-6b41-4215-b73f-abe0017c64b4"],"parameterHints":{},"isOnPremiseConnection":false,"sharedConnectionId":"25ade122-1803-488d-bc00-6a52be0c2655","bypassConsent":false,"dataSets":{"scoresmanager.database.windows.net,ScoresManager":{"dataSources":{"[dbo].[Course]":{"tableName":"[dbo].[Course]"},"[dbo].[CourseStaff]":{"tableName":"[dbo].[CourseStaff]"},"[dbo].[SubTaskLog]":{"tableName":"[dbo].[SubTaskLog]"},"[dbo].[Task]":{"tableName":"[dbo].[Task]"},"[dbo].[Topic]":{"tableName":"[dbo].[Topic]"},"[dbo].[User]":{"tableName":"[dbo].[User]"},"[dbo].[vw_SubTaskBonus_Pivoted]":{"tableName":"[dbo].[vw_SubTaskBonus_Pivoted]"},"[dbo].[vw_SubTaskLog]":{"tableName":"[dbo].[vw_SubTaskLog]"},"[dbo].[vw_UserType]":{"tableName":"[dbo].[vw_UserType]"},"[dbo].[vw_User]":{"tableName":"[dbo].[vw_User]"},"[dbo].[vw_SubTask]":{"tableName":"[dbo].[vw_SubTask]"},"[dbo].[vw_Task]":{"tableName":"[dbo].[vw_Task]"},"[dbo].[vw_TaskTopic]":{"tableName":"[dbo].[vw_TaskTopic]"},"[dbo].[vw_SubTaskTopic]":{"tableName":"[dbo].[vw_SubTaskTopic]"},"[dbo].[vw_Course]":{"tableName":"[dbo].[vw_Course]"},"[dbo].[vw_Topic]":{"tableName":"[dbo].[vw_Topic]"},"[dbo].[SubTask]":{"tableName":"[dbo].[SubTask]"},"[dbo].[SubTaskBonus]":{"tableName":"[dbo].[SubTaskBonus]"},"[dbo].[vw_SubTaskBonus]":{"tableName":"[dbo].[vw_SubTaskBonus]"},"[dbo].[vw_CourseStaff]":{"tableName":"[dbo].[vw_CourseStaff]"}}}},"apiTier":"Premium","isCustomApiConnection":false,"authenticationType":"sqlAuthentication","endpoints":["scoresmanager.database.windows.net,ScoresManager"]}},"databaseReferences":{},"almMode":"Environment","performanceOptimizationEnabled":true,"canConsumeAppPass":true,"executionRestrictions":{"isTeamsOnly":false,"dataLossPreventionEvaluationResult":{"status":"Compliant","lastEvaluationDate":"2020-12-25T09:42:57.7161194Z","violationDetails":[]}}},"isAppComponentLibrary":false,"appType":"ClassicCanvasApp","appComponents":[]}}